"Conversions","TVSpend","Facebook","Affiliate","Xmas.flag","Weekday","SEM.nonbrand","SEM.brand","Date"
129.740202431171,0,966.124158031191,878.116110185161,0,4,517499.778100392,28141.8606934529,"1/1/2015"
254.524742058013,18924.3736922836,1476.9990121502,1761.65204866068,0,5,724479.742879791,41007.3845301209,"1/2/2015"
174.817173716193,16640.9076082396,1111.65234489909,1556.04746299703,0,6,608372.372604639,34048.9195924766,"1/3/2015"
272.538759869034,91810.3989307063,1383.1496487245,1352.05547749759,0,0,739891.385574946,39898.638922357,"1/4/2015"
250.825850070198,33142.2692416837,1397.42226757563,1515.8831271888,0,1,799787.767956621,40652.7832102794,"1/5/2015"
219.864115117397,89730.8593315687,1383.83838443435,1425.19420018187,0,2,711212.003097239,42497.5489175574,"1/6/2015"
220.015806518495,40012.8350354612,1221.02540903015,1439.84284002893,0,3,709176.627894662,40556.3797668959,"1/7/2015"
185.374157014489,6419.39342422299,1423.56015780657,1238.56469161971,0,4,747222.193953537,36603.7278043851,"1/8/2015"
190.030186027521,15869.3240529704,1329.56475729244,1101.99403146589,0,5,749638.626613155,37928.7440672166,"1/9/2015"
173.037371965265,27560.0949843031,1280.34857244682,924.644062774791,0,6,750823.469541398,34405.1830716973,"1/10/2015"
285.719669006555,72057.7816536139,1597.4481525359,1043.81990999151,0,0,851329.847026374,48685.4297645379,"1/11/2015"
238.766825875035,63611.5006417181,1521.65476543622,1167.80058000034,0,1,745352.557833785,50538.7601725087,"1/12/2015"
251.142823471897,45763.595233573,1273.36164914817,1080.34128040285,0,2,664169.528491837,55818.0518970452,"1/13/2015"
172.520099058002,51480.3895763981,1350.76900630456,4072.1304593079,0,3,605128.177291753,56813.7077394267,"1/14/2015"
160.143246495212,19966.5672751098,1232.09296808764,3744.24351929151,0,4,615621.453660776,53474.6523858583,"1/15/2015"
124.563340361067,18542.532207597,1165.7496742096,2129.40421560335,0,5,588567.724706237,49452.5101996436,"1/16/2015"
152.056861276925,9629.22789093307,1247.49428975768,1193.15960508622,0,6,636511.126657224,36525.1827254891,"1/17/2015"
224.183250597515,126435.551795567,1742.15210741386,1391.36092178542,0,0,835747.524562408,67173.6034990995,"1/18/2015"
165.298309044959,64319.7692704347,1623.46652530972,1334.85344959768,0,1,851107.330220402,71099.3080655707,"1/19/2015"
183.348047986161,61081.1320042495,1561.72217113315,1618.67524753744,0,2,795553.728335391,61488.2711214151,"1/20/2015"
167.897854277398,63418.835667607,1510.56580820037,2028.87171875676,0,3,719764.20032136,59534.269016856,"1/21/2015"
149.958738179598,31464.6257406644,1270.49595790585,2048.7991073468,0,4,691420.413214899,54751.9135547621,"1/22/2015"
116.887489558919,41029.5491642493,1149.98000441468,2282.947177399,0,5,627029.272677725,43217.1332934962,"1/23/2015"
130.009429682745,49120.916051955,1030.46072860141,1217.42829643046,0,6,590946.918164344,40916.5099824832,"1/24/2015"
228.630736366357,89567.0456234914,1502.95637668599,1301.90993087157,0,0,723006.481514928,58989.8143613774,"1/25/2015"
207.828244930878,96157.6210865636,1252.50480685127,8346.48018602463,0,1,653847.0568514,61494.765263524,"1/26/2015"
212.979362406442,102260.658610075,1281.30957180937,2936.18066984254,0,2,721859.789010804,54920.3436640267,"1/27/2015"
176.651352771884,0,1247.14836929748,1538.71388861642,0,3,728057.800894686,46151.1299101345,"1/28/2015"
167.326770745986,0,1298.23593922905,1321.18463137276,0,4,818824.823600253,37654.5236019771,"1/29/2015"
151.027588681318,0,1121.081148308,978.086979265767,0,5,739610.060718553,34762.2616651839,"1/30/2015"
129.204830348678,0,1120.96402044129,869.632146185916,0,6,639657.678450639,31345.8735929894,"1/31/2015"
227.302974674688,65949.4097811035,1499.39100093842,1614.99769576604,0,0,922430.858057659,40819.4570645476,"2/1/2015"
227.595258243941,37010.2047928278,1312.4325004261,1188.69365571355,0,1,893241.610362584,40111.4099583199,"2/2/2015"
174.031308521912,63881.3219070687,1178.63802061444,860.343847723491,0,2,710767.976437979,39446.0122261873,"2/3/2015"
167.833739351667,61571.0921071651,1079.27422788353,838.650628969027,0,3,668229.710839402,37142.914646021,"2/4/2015"
139.416323542362,15184.2577181995,1041.8131491082,773.617107407982,0,4,749513.337923161,28561.2188409567,"2/5/2015"
119.254026829056,9033.26214880676,903.246093355212,716.135462698294,0,5,568470.50454989,24582.5813605506,"2/6/2015"
108.39068722073,3258.24946161057,756.094240184291,687.365439306013,0,6,487164.97722749,20670.332196185,"2/7/2015"
177.729096447187,68110.1820933472,1115.88712148564,903.685880910745,0,0,811138.839900037,35922.2144272007,"2/8/2015"
145.600263576745,29235.5429542032,1090.8402445328,872.054929982033,0,1,692607.422738685,36228.1780691649,"2/9/2015"
156.227185648005,74304.9450239779,884.303013683576,893.485260277986,0,2,610517.447790877,26135.5774133438,"2/10/2015"
129.472101867618,53140.5617401265,850.70989054339,860.147197852773,0,3,607027.932692352,20573.1736356492,"2/11/2015"
126.726144647226,27065.167118463,874.552832316491,726.894968948769,0,4,489168.814440486,16192.8402652609,"2/12/2015"
110.376642127754,3487.36329038525,681.140620985767,603.568011251255,0,5,439642.540385463,16727.962303095,"2/13/2015"
93.4904796950519,3023.23502781536,626.139424847485,560.518694131309,0,6,371644.287699235,13771.5633182222,"2/14/2015"
148.156943207653,45790.4846944127,906.536367233237,2220.76509404881,0,0,534842.911625773,17327.6667627808,"2/15/2015"
178.715095032938,78654.9663578942,960.276140648057,1816.72578235273,0,1,554336.758611316,23753.003208462,"2/16/2015"
174.736250077793,70083.0769879469,983.594636279857,1075.84698881316,0,2,603321.710924786,24813.673332678,"2/17/2015"
157.654587835423,42760.1171487392,985.112915227376,923.84725166671,0,3,572071.285080817,21111.0175784435,"2/18/2015"
147.858695984795,21381.6421213809,1151.50290096353,842.285089265322,0,4,621761.489929372,23473.0872051154,"2/19/2015"
122.134188461374,386.308755509881,911.571381120011,627.877936429647,0,5,600614.619005125,17424.7847971587,"2/20/2015"
122.180620199069,5624.37534356033,843.670699635986,687.889212179044,0,6,539488.938890949,15079.509479065,"2/21/2015"
198.113125576847,18236.2857730008,1058.71602348313,744.979241080838,0,0,644345.517457399,20301.3447567884,"2/22/2015"
157.446808439912,82991.6580001696,1088.38301555661,848.671258577472,0,1,622602.042860724,24235.8588363603,"2/23/2015"
83.4345295840874,100166.691296507,446.627194463136,868.271623169351,0,2,241009.718725941,10435.2249542301,"2/24/2015"
165.714210869372,68633.9106930621,821.463617951609,789.700739889778,0,3,507364.738631073,24141.047773802,"2/25/2015"
148.811417781492,69358.2965985476,667.056139428541,7654.37359439544,0,4,464018.561879819,21320.7194223959,"2/26/2015"
134.47671295437,63586.7099906236,617.560258076992,2307.06426950423,0,5,439326.190497384,21805.6642583862,"2/27/2015"
120.294679247309,36429.945646802,534.250862701307,1225.82552702611,0,6,373757.28558457,14904.1716922488,"2/28/2015"
263.307240093662,21762.9323622779,1066.83603670166,1283.86911042558,0,0,602490.340482455,21484.5533402344,"3/1/2015"
217.23150601387,45846.605682285,847.217310276255,1164.58817111002,0,1,586298.589485931,20572.0198200119,"3/2/2015"
191.362140462734,40571.6149859969,768.889722153987,1147.69952568635,0,2,561102.787855751,22070.6494114996,"3/3/2015"
190.027236547321,62153.2522276171,764.994179620408,944.617910483154,0,3,792825.889257679,24854.6740486891,"3/4/2015"
152.985458776401,4667.65340449573,726.555357056391,705.789712784649,0,4,716095.754983551,21481.1512859953,"3/5/2015"
109.854352593771,4077.00816049743,697.153446805431,457.389984022011,0,5,753654.263795876,20383.654241637,"3/6/2015"
96.9109479384497,9955.53775884658,562.399351322139,468.820094781369,0,6,692412.175772488,15318.786732024,"3/7/2015"
124.586795158731,15905.9457451518,741.162151296157,490.720918917842,0,0,762946.282555077,18424.7553100436,"3/8/2015"
150.025919740624,42764.1573551119,629.331727456441,606.097765977005,0,1,668203.97612843,22245.4707869861,"3/9/2015"
115.689748312999,23600.2578685535,710.554570329189,570.559406319726,0,2,834214.255991946,19904.166759018,"3/10/2015"
149.46745402657,17074.4050962319,699.131876748754,603.094491194794,0,3,719734.839809733,18797.6241492594,"3/11/2015"
109.763483777759,10712.3148813725,494.052190076932,602.97963392688,0,4,705205.091828501,23406.5782001435,"3/12/2015"
96.7423638740089,61544.7836259967,496.902055376768,529.225279688369,0,5,696358.808459006,21937.2330504439,"3/13/2015"
96.914073745138,5005.62433110501,454.648995114304,521.631047315616,0,6,707461.320709493,19751.5031170793,"3/14/2015"
188.953266648576,64739.8310964911,583.463241292699,718.508277821727,0,0,897749.670127634,26239.1944164142,"3/15/2015"
151.268017403944,64596.9294546912,527.590870594396,684.076517800521,0,1,719183.233987172,25740.3627400897,"3/16/2015"
144.615254687914,34441.9150341775,515.506905819359,580.160104755918,0,2,631779.413097494,23330.147060156,"3/17/2015"
111.701067888318,81016.1270635462,420.324048594385,532.666340057971,0,3,526037.549117265,22716.3612996111,"3/18/2015"
111.672686938732,1322.98607025295,492.292142650695,599.232654808531,0,4,572876.519386299,24239.1014971924,"3/19/2015"
84.9612492442364,26327.332500968,481.128961921949,638.588769212365,0,5,718517.319044664,22006.6099315528,"3/20/2015"
102.539606237412,886.72240838164,564.521756731672,629.77536800236,0,6,816367.287215653,19593.3021895032,"3/21/2015"
171.655738126952,39523.6882260545,791.553537836764,819.854535255581,0,0,882588.480134214,30372.0792736575,"3/22/2015"
129.709690429643,83078.9594753999,774.608925761841,661.960103176581,0,1,786339.908479613,34438.6358142402,"3/23/2015"
147.00881286955,37141.5158040849,703.509105063044,652.870603851322,0,2,725686.818144363,29368.9905397628,"3/24/2015"
91.7391891174717,42534.9771795496,332.732083909912,588.965859683603,0,3,340875.800484062,18942.2345599461,"3/25/2015"
10.56501723947,21916.9610998331,64.4680346056819,7654.70689867262,0,4,0,12968.5799143651,"3/26/2015"
5.80974347479641,0,47.2034440129995,2873.15883286837,0,5,0,12312.5693737253,"3/27/2015"
7.13075943104923,5501.6835729925,38.1349161751568,1170.81615158168,0,6,0,8843.95172734372,"3/28/2015"
13.4695598400896,0,42.2406259734649,1186.89656501447,0,0,0,15027.4234548583,"3/29/2015"
6.91682256257627,0,34.2470640585758,1065.42949755639,0,1,0,14971.4728406,"3/30/2015"
7.01458431344945,0,51.1241886208998,931.286797099654,0,2,0,14312.3634419775,"3/31/2015"
107.171619771793,0,608.742333770613,724.943099634373,0,3,759092.587461117,26246.4461012678,"4/1/2015"
73.4654642763315,0,530.459382343502,463.046290361509,0,4,659422.497294907,24480.7174793445,"4/2/2015"
70.3058112857863,0,546.634852429479,506.549284616997,0,5,652571.904740391,25718.2191489361,"4/3/2015"
63.040783477365,0,458.773061192711,461.082457336318,0,6,611947.693433635,19399.839018991,"4/4/2015"
36.4444605416153,0,456.856934003998,711.679111029324,0,0,676169.526297405,22098.0913146993,"4/5/2015"
119.939151646453,0,663.719227894628,1021.39467163905,0,1,740091.696130682,28372.0692402614,"4/6/2015"
122.572848404688,0,648.858357770206,739.522942324216,0,2,781092.72941806,42533.7932608873,"4/7/2015"
109.849208269035,0,623.238334804215,602.447103345185,0,3,761764.851845185,37814.9792111199,"4/8/2015"
88.9988872692687,0,586.442409366835,573.826144839637,0,4,690792.889199123,36396.4976134098,"4/9/2015"
77.9562810902251,0,514.57235161406,450.378427294688,0,5,713316.201521407,31641.3241536222,"4/10/2015"
76.9706006060354,0,487.797201308422,421.859195378516,0,6,509277.369322806,25496.9895287883,"4/11/2015"
103.638868459873,0,606.468913862156,570.400042442093,0,0,707923.704344879,35160.8969855683,"4/12/2015"
116.917626428162,0,603.748964223196,627.153071954776,0,1,578405.508012237,36860.7091555223,"4/13/2015"
86.6477981530363,0,545.939888189011,549.328868144867,0,2,589256.05910571,30732.0733925337,"4/14/2015"
81.8195717579685,0,407.992241208907,426.902088445751,0,3,491872.44835489,25483.0738325748,"4/15/2015"
93.0575885837898,0,426.341682646517,452.601132905297,0,4,480671.436327097,26835.5387112997,"4/16/2015"
106.7893848676,0,454.567776857736,429.1182107392,0,5,467977.707304131,22618.7891125959,"4/17/2015"
67.4809822877869,0,311.559766238742,342.817696298938,0,6,351453.821097812,17091.6604608742,"4/18/2015"
102.353419447318,0,400.280766011798,454.698283686047,0,0,536299.446454325,23020.2706046699,"4/19/2015"
107.516674234718,0,518.712016612524,549.738702133764,0,1,435436.843285082,33478.5725547443,"4/20/2015"
77.1994959971169,0,442.557350909337,582.483218437037,0,2,402435.456608496,31405.7815362764,"4/21/2015"
103.061014608038,0,525.607697887695,676.994075697847,0,3,453014.240884383,28293.1960919018,"4/22/2015"
85.5188778719865,0,490.258252372779,483.056340624229,0,4,448014.787107816,39317.9462668175,"4/23/2015"
76.5328417170793,0,412.482634298503,376.829007766303,0,5,371021.199905014,34651.611495905,"4/24/2015"
62.8514192816801,0,388.275762263127,403.971523305285,0,6,369151.593212051,40090.0383759536,"4/25/2015"
128.928565573599,0,584.766764112841,7229.6961868396,0,0,522827.800312443,44010.7438681837,"4/26/2015"
131.544495618436,0,592.743021634128,2765.46255609433,0,1,567344.830465691,43038.1293944574,"4/27/2015"
99.1308686207049,0,615.086353583029,1303.38731001697,0,2,498923.938089826,45613.0813582595,"4/28/2015"
112.74688099348,0,496.51208684009,807.289447531383,0,3,536014.690565761,39024.7647237819,"4/29/2015"
86.7917983161285,0,522.135881492496,606.518152403319,0,4,429500.647380371,35345.4193655683,"4/30/2015"
87.5035846803803,0,507.179083159333,664.134889970347,0,5,477186.008558324,38304.2418684777,"5/1/2015"
65.5401744080242,0,380.585983460792,468.652406266099,0,6,363046.892978408,36094.0670927332,"5/2/2015"
135.166321102506,0,635.67782238028,712.599983554892,0,0,588336.671302216,43947.5927556391,"5/3/2015"
128.176000870671,0,556.134358093701,654.127568071196,0,1,547576.557360712,54685.4436246029,"5/4/2015"
121.186405956373,0,601.359316155547,601.265951061761,0,2,685619.588830151,47459.7374704156,"5/5/2015"
113.816408183426,0,531.693179355934,905.907373143942,0,3,586057.328368296,52239.2681847885,"5/6/2015"
108.899630474858,0,476.664535363088,869.976783247967,0,4,542672.050331112,43338.1964679493,"5/7/2015"
67.4107891523279,0,380.96527295541,606.061943669105,0,5,451772.569596724,42461.3053574428,"5/8/2015"
64.7993894666433,0,341.507712177187,505.607886277605,0,6,364402.116295211,37033.4133103909,"5/9/2015"
106.938862580969,0,412.56708931094,596.258889663965,0,0,465722.998566438,35263.4634569866,"5/10/2015"
89.4033274417743,0,532.259232949652,588.61115481758,0,1,564759.198417134,43273.3483729008,"5/11/2015"
105.85636586342,0,642.682215820113,567.9037342472,0,2,677208.626819704,43574.5665594051,"5/12/2015"
80.4278811980039,48223.7905876004,574.524642620701,413.825082855206,0,3,580911.420039717,38140.7558649234,"5/13/2015"
80.1012081249151,35422.7302470192,538.950712584658,444.154340970144,0,4,558005.485863976,36320.5964420797,"5/14/2015"
82.0712382453494,45423.3564504646,474.827408243297,444.223851976357,0,5,467465.026501303,45006.9638589486,"5/15/2015"
60.4693108577747,8278.61531681805,497.846333333151,459.834860397037,0,6,460383.89105086,45478.2782025486,"5/16/2015"
116.083070623688,8131.11694130157,740.959572390444,628.463653240632,0,0,705052.214663396,47944.580612105,"5/17/2015"
116.714575504884,1220.84968399408,653.602397631109,597.846660192497,0,1,614729.846259798,69111.2063905108,"5/18/2015"
122.883934270428,19731.3917838959,711.004892146913,630.610067113955,0,2,654887.939787177,53461.7598853849,"5/19/2015"
143.780492852908,6279.29568497851,707.36492778915,648.463705577049,0,3,687814.1423308,54572.4677343905,"5/20/2015"
123.548103104299,14987.68035729,633.267427453888,568.596801623935,0,4,649432.183074745,53302.7520497959,"5/21/2015"
86.1151626206934,64169.3710841797,497.936861640308,512.59578465512,0,5,628969.215827405,48261.3006017967,"5/22/2015"
56.2349981012521,0,527.602965653641,423.489918083884,0,6,522392.467234988,46133.9977810181,"5/23/2015"
66.0537718887674,88413.3662048217,662.888742295559,439.227227060683,0,0,675354.836640125,33933.6827642214,"5/24/2015"
150.398818473192,91675.3378285503,1004.80954978871,6563.09497857594,0,1,921895.836099679,45678.7539721906,"5/25/2015"
141.809875584114,5101.75226148297,741.410310483165,2628.72683155939,0,2,859446.294458427,62676.3644651592,"5/26/2015"
158.280342234159,4430.63720362959,596.297393669281,1264.72453005016,0,3,739924.449183286,63324.1782974215,"5/27/2015"
111.066032397444,9712.15383292199,547.230628891056,919.237494627992,0,4,704757.873596904,63611.0035370875,"5/28/2015"
108.158903950453,61955.2403968494,498.714222333487,768.845270727994,0,5,618730.296808096,61731.4993353687,"5/29/2015"
88.59796803426,7164.1972834008,457.95182868978,525.85276785451,0,6,549104.930118895,46011.6510762901,"5/30/2015"
136.505813053739,40787.2074967667,681.877049223566,960.400038150768,0,0,690143.170461603,37735.0939548215,"5/31/2015"
144.936094481125,47194.5890059277,705.223351201368,693.161530378275,0,1,683747.181481626,63948.6348275594,"6/1/2015"
126.306540655252,24232.180896762,620.615911694476,673.797978483327,0,2,620399.806266595,60613.9637193792,"6/2/2015"
103.970139045035,28488.348343513,784.684208180453,476.01318981587,0,3,652633.740391205,52672.7332975215,"6/3/2015"
100.246211416321,17528.9506247455,879.784918817691,417.539620720269,0,4,629520.308784775,45773.2880980367,"6/4/2015"
71.2948039820418,9193.97833381836,598.62162884383,426.279973254702,0,5,513679.687347421,38817.1177259989,"6/5/2015"
63.7691039010882,0,574.937477106694,381.617758669518,0,6,451237.996357772,28066.5896275891,"6/6/2015"
99.2812900542049,12855.3137540166,776.623069508281,557.008292599814,0,0,588279.509817282,27049.147811532,"6/7/2015"
142.055776219815,3530.95690335045,795.452854891517,591.633074469119,0,1,706804.356778739,35170.2228977875,"6/8/2015"
124.178720805515,16851.8447568899,732.494560126495,652.84135091356,0,2,648514.136781612,31039.1478296175,"6/9/2015"
123.524912276864,6153.2223941349,652.125460609607,592.35248221322,0,3,676917.232314236,13521.3507738501,"6/10/2015"
92.7138330013957,0,539.472583063459,597.78005739837,0,4,483486.782058062,8406.81749010431,"6/11/2015"
67.111328163743,0,496.335289404262,472.517756198673,0,5,375018.546561335,6836.20074353646,"6/12/2015"
58.2146727587096,0,469.944754394121,384.216650342802,0,6,327911.704872557,5801.31529138915,"6/13/2015"
101.884982466814,11853.8203517664,660.457982509397,609.930937961861,0,0,435227.790970456,9092.40186349209,"6/14/2015"
137.980017053895,24881.0167701029,684.827887366945,662.385740400176,0,1,538623.984067009,12717.6451855263,"6/15/2015"
116.755339583196,34427.8735194085,767.496899825893,693.495926720835,0,2,518600.813236377,12400.1102746274,"6/16/2015"
92.3434645166621,23558.4057806911,660.623246442643,659.477720376034,0,3,528092.879471338,10419.9376897394,"6/17/2015"
98.6337785230484,25205.8505618986,702.265549719217,720.888646577299,0,4,533648.624114697,11116.5172651602,"6/18/2015"
82.7412404417992,1179.25410106923,523.583433523634,632.466183792241,0,5,426456.171631212,9345.98355334108,"6/19/2015"
52.1631213743705,0,416.153863871936,491.285796999,0,6,381786.909362828,7702.76688592054,"6/20/2015"
138.516881705448,24804.6170960191,644.503871277371,634.522633963916,0,0,522301.681223356,11391.5558740836,"6/21/2015"
148.697281267494,7258.82546718204,648.131136800861,663.55429820735,0,1,572072.522148492,12794.9029650044,"6/22/2015"
132.246375347022,12813.2934771308,682.824687610846,617.967250974197,0,2,604058.680747467,12512.1837390913,"6/23/2015"
86.1202390878461,2440.796275503,548.488161951117,580.427864850965,0,3,482544.726954064,11072.6855874131,"6/24/2015"
94.226000670623,0,491.701055032923,6881.37018334656,0,4,449156.722119212,12084.5553427669,"6/25/2015"
77.4920418117195,5580.29553787764,399.916707242932,2308.07835335601,0,5,400264.832076251,14283.7406367614,"6/26/2015"
71.5492372593377,3869.34708988515,390.510904726619,1126.47806863887,0,6,370802.535181113,9882.31075656693,"6/27/2015"
84.8778140187496,1710.17633540714,539.772092712857,1113.34139917046,0,0,450980.929023489,12386.0168192249,"6/28/2015"
141.738933908078,26961.9406590414,491.761542963563,1088.99600570994,0,1,495661.656291776,15206.4203589952,"6/29/2015"
127.379515300691,32289.656073975,488.918186349538,861.617621588241,0,2,489174.743590386,14269.97869395,"6/30/2015"
112.281665600371,16404.3288776359,503.563462678622,843.836151878,0,3,424422.623743502,13450.0144094914,"7/1/2015"
109.351642200002,11503.6908960543,504.817108619167,558.519866811112,0,4,452176.735641129,12739.8455270484,"7/2/2015"
74.2069655201398,4368.40483501728,482.694699984137,495.079466889659,0,5,381828.370902403,10199.8741507537,"7/3/2015"
61.3098243582062,37960.6009239768,427.075854762923,453.267506933538,0,6,296293.453517675,7312.94476057144,"7/4/2015"
115.784513056045,28066.7692182824,683.458168754354,1038.12181827854,0,0,514001.289324123,10604.682427278,"7/5/2015"
114.515070689097,24119.5801629563,679.451074712351,1103.99798866338,0,1,548436.109768203,12918.1142092362,"7/6/2015"
115.662087830808,27393.5631422904,804.812246017624,723.453809269611,0,2,657087.39981941,14303.6903970408,"7/7/2015"
114.156008518394,57104.3975829581,873.108280237508,851.92097382294,0,3,655974.468792994,14511.6773745567,"7/8/2015"
115.654646100011,37521.3722520675,850.976517351996,638.087311278423,0,4,573029.995268834,14411.126554099,"7/9/2015"
85.693706497224,45069.2531475476,562.09496690738,488.230517716007,0,5,434658.339994675,10656.9739000804,"7/10/2015"
54.6290916420054,37642.5847342722,464.426676276047,475.060263269162,0,6,308310.416473335,8139.49284230217,"7/11/2015"
125.553945482103,69654.49356739,823.258229988138,590.337087211502,0,0,536440.473170117,13948.1241424302,"7/12/2015"
136.686308776797,83787.1707090942,1007.10503924219,645.555370127689,0,1,704465.263654177,16075.6950984206,"7/13/2015"
111.028969436418,64740.6687645574,793.747044673213,597.678256029496,0,2,577290.883653395,16191.2678429397,"7/14/2015"
107.212394441944,77168.6831189203,695.976366231125,624.592434214102,0,3,482637.976217304,14771.4855374608,"7/15/2015"
83.0168254115619,64725.1422404224,670.487151874602,550.91137435548,0,4,474232.026701084,13504.3208662878,"7/16/2015"
91.5157996913418,46337.745679051,605.933735383442,547.727007212117,0,5,465255.424209169,11177.8251808053,"7/17/2015"
44.297714364063,46804.5904280513,556.641644749604,430.037143609487,0,6,408494.398193567,8840.95740374532,"7/18/2015"
121.215722923726,101638.779209173,1006.74374287208,552.936688730121,0,0,686137.658800552,14722.6572298609,"7/19/2015"
94.8596636817092,87051.4805187094,795.239919400215,560.007247664686,0,1,644195.099239958,15712.6392819241,"7/20/2015"
106.216161368461,74930.5659027779,693.888098431937,571.690158995916,0,2,588083.60773833,15696.8981502479,"7/21/2015"
86.9701353518292,78056.0305595787,779.242082830379,615.805144145642,0,3,592067.783920609,14727.7513248383,"7/22/2015"
88.9534911260707,54842.5277276731,661.560646403441,2483.78576688054,0,4,573830.568890454,12819.4161538927,"7/23/2015"
57.0511190204183,79750.5003808144,581.846842742432,1534.34793255851,0,5,512824.129848429,11316.5425332849,"7/24/2015"
60.8963466733694,41130.6080191811,550.82728684647,761.551419182844,0,6,453809.310812146,10116.3350361302,"7/25/2015"
96.7900154014584,157879.722292145,580.894899246469,606.032726214128,0,0,498544.143968634,13230.1704506167,"7/26/2015"
146.61590190134,99082.4478389525,794.233930808189,721.277885643882,0,1,640908.307726715,18199.3053132651,"7/27/2015"
125.750260721426,106082.829413036,703.059261640231,665.412939125137,0,2,635928.826475345,18884.0416210843,"7/28/2015"
123.807501988183,98589.9820903272,720.465749905957,561.443669469072,0,3,831440.068741494,17425.7615129029,"7/29/2015"
100.253222088329,77627.0465902524,853.703992784908,881.865117446403,0,4,747096.489359087,15799.4440011361,"7/30/2015"
90.4217122490518,60097.2496145268,742.027423418569,558.919521455141,0,5,750547.342042766,12224.4367397272,"7/31/2015"
40.467059517256,37320.2735748808,543.688411817746,368.971974759595,0,6,528596.26122132,9442.30819610488,"8/1/2015"
94.734908787068,131881.483416662,788.923975750501,767.495686004497,0,0,634010.792952695,12738.1234909618,"8/2/2015"
135.699402699945,63033.2445882075,922.649816532154,659.699098454276,0,1,802813.171707151,15030.1340333316,"8/3/2015"
118.630400454719,70380.0487679747,1109.73198328761,655.042177496851,0,2,875173.015866587,18065.3410560351,"8/4/2015"
95.1848935781047,63886.3300433238,816.249089451018,686.808172639459,0,3,766018.594465299,14224.4388926091,"8/5/2015"
85.5527055538259,55724.8469941456,858.491554188891,623.892711885786,0,4,790398.438110502,14072.2078014777,"8/6/2015"
52.0493783786427,30320.0238700663,996.711794762732,581.528281752113,0,5,764183.525303756,11256.0819787309,"8/7/2015"
44.8597343799192,43266.870256108,822.326027177507,547.004308957188,0,6,717335.980880957,10210.333651243,"8/8/2015"
90.4917938347906,81218.770734703,1198.8934361147,635.443094040267,0,0,1143698.27608233,15910.1251285935,"8/9/2015"
119.412957463833,82307.5999208769,1234.31834422459,677.704171564197,0,1,1136212.01254404,19625.759408381,"8/10/2015"
110.688934326405,131679.429001036,1043.89644282139,1031.05377556183,0,2,950224.714585775,19782.6769809195,"8/11/2015"
91.365887744166,61665.5335686952,1053.88427720047,714.979999476112,0,3,967810.229425225,17733.4588321983,"8/12/2015"
66.9195724471938,26539.9287787056,865.679006981198,581.273432848067,0,4,758775.352906085,16449.0503292739,"8/13/2015"
72.9690707166446,21035.7858233595,836.929220485501,566.037332867808,0,5,653109.278209678,13745.4675342481,"8/14/2015"
65.4174927026033,26513.6397145188,689.73710993249,558.329893725133,0,6,567696.356068806,11600.6077493356,"8/15/2015"
136.987240796909,235930.005488735,1242.12529537061,776.1884595179,0,0,946663.509292951,25120.2306630537,"8/16/2015"
142.027412064257,180788.720504193,1310.73068018162,1006.38766434416,0,1,932655.429424625,28598.9295801343,"8/17/2015"
144.696937526949,186954.637524876,1129.72022483347,783.771089725988,0,2,813670.274314367,25982.0306691229,"8/18/2015"
156.554191038338,186350.390492369,1099.17158906716,806.311874313816,0,3,766008.24665564,23418.2469836475,"8/19/2015"
90.9155623970553,121553.418713838,1061.68985146796,704.672638539551,0,4,803637.025088327,21071.0972579906,"8/20/2015"
62.9151785820723,105907.611286499,984.798890945269,833.881525820307,0,5,689760.217599571,15222.102917658,"8/21/2015"
52.1117671951652,129728.525416336,814.271007478749,493.265435917443,0,6,518027.274561667,11893.8473308249,"8/22/2015"
103.545287881116,269658.013618108,1179.90399969567,683.188805655856,0,0,767502.278778206,19894.1267627163,"8/23/2015"
137.530845115846,171628.756693802,1749.73348054877,882.763523481321,0,1,886589.252117182,24903.4376970957,"8/24/2015"
151.32837963067,196084.055632207,1542.70942849601,872.914596355241,0,2,941486.102100348,25766.3747017086,"8/25/2015"
91.8717912023887,206947.643286435,1408.54650262371,691.357408386655,0,3,822940.517478575,22141.477710714,"8/26/2015"
102.383994582156,127434.524795749,1139.28827911881,671.843170884624,0,4,852221.013750487,23542.4555203434,"8/27/2015"
93.9867510876618,108722.825183393,1410.93594098941,574.379945123009,0,5,736566.183188892,18832.8553147661,"8/28/2015"
44.7452890449669,189091.633467702,1082.28139300086,435.135731141036,0,6,584942.789877837,12900.4011593405,"8/29/2015"
101.581711963797,247876.390882923,1163.4667029893,706.8324575776,0,0,805027.161727983,22508.1441176991,"8/30/2015"
157.971934673376,230128.216440459,1475.04354325631,787.317422654992,0,1,854798.957697369,24222.9431798313,"8/31/2015"
162.459229556751,161230.178291034,1357.38484573229,1059.07462091153,0,2,848908.555447883,27026.5135725828,"9/1/2015"
168.389190975437,165424.847548499,1298.06674432438,999.025156917609,0,3,788825.088357338,26193.0183387312,"9/2/2015"
118.107143464638,114032.756089751,1260.90159670562,794.533058268204,0,4,742288.3377388,24588.7614902458,"9/3/2015"
93.1961623868439,117343.90792409,1106.74928371683,751.392198256217,0,5,686623.678237906,21213.1848188356,"9/4/2015"
84.4157463879324,225809.613756345,820.481198357977,710.506458206917,0,6,603721.602213497,18280.8244943498,"9/5/2015"
183.839503986342,325518.204699171,1257.54097055853,1138.79136571521,0,0,793813.070408031,29120.5433787758,"9/6/2015"
163.435494274367,153666.299892412,1369.9451304453,953.344423005357,0,1,843130.857308763,29190.5176887341,"9/7/2015"
139.936760964617,136503.594509675,1117.10227861058,971.014062032103,0,2,769379.671893982,20107.9963227273,"9/8/2015"
144.701664295793,129049.980846161,962.800937590306,876.803118442744,0,3,759926.636407807,16582.9337182537,"9/9/2015"
111.617540966975,96775.2421643324,1034.73525929153,770.169107932248,0,4,687817.76095535,15371.1638000609,"9/10/2015"
86.9681760816835,55719.1077286713,933.353634315636,659.585573652294,0,5,617817.986600242,12613.6060699073,"9/11/2015"
76.6497324267402,101248.804522649,806.764630638901,610.073512997758,0,6,590899.777332691,9416.14102462493,"9/12/2015"
151.835609362274,233421.331099243,1387.38577140123,849.101551636588,0,0,816810.780290813,16624.4318919366,"9/13/2015"
179.839585482376,227150.525133134,1406.01755098547,916.879905045032,0,1,968499.62597897,18124.966181782,"9/14/2015"
144.906925560324,115182.582526705,1470.57284440012,1055.38163497522,0,2,932817.63849731,18360.9677256527,"9/15/2015"
130.581017431733,208835.565504539,1352.55946112461,1000.74898807728,0,3,675299.026919786,17815.6287570018,"9/16/2015"
114.205978199723,80722.5147918908,1222.26390375465,1029.92253276184,0,4,667507.863319092,17405.5484524109,"9/17/2015"
65.4840856561437,60154.6636892366,935.870829660865,845.139700931031,0,5,488129.139364004,12826.1702912769,"9/18/2015"
67.0237739866134,79282.0924704576,809.00012626634,901.557116149762,0,6,387733.620553192,9845.36836816389,"9/19/2015"
134.761808009818,236467.102724879,1015.36158692166,2052.96715852541,0,0,553120.469948898,15955.8260955153,"9/20/2015"
131.758630690072,222847.20912672,1118.86189291496,1790.08066715649,0,1,546797.406547627,17460.4036719985,"9/21/2015"
143.328345572948,114379.57297968,1290.06629757022,1615.51499309663,0,2,669226.015478206,17684.831669189,"9/22/2015"
118.081512601348,202490.672780946,1141.98256632395,2258.80006296441,0,3,614899.350273269,18704.4448808235,"9/23/2015"
74.9150740925688,126248.067063224,1109.30356504954,1630.95195511628,0,4,570375.214062369,15401.9995890522,"9/24/2015"
87.770471845055,64007.5729008855,1135.51615370787,1376.64562457842,0,5,503085.236204937,12463.8330032432,"9/25/2015"
59.6739085747628,92555.7061691665,874.527403815114,1156.39456557329,0,6,407829.968315124,10348.3830588777,"9/26/2015"
162.509000058053,204045.418231581,1128.96373307323,1454.86672673656,0,0,545850.705935213,14885.4224800714,"9/27/2015"
172.362845257949,202514.094137703,1196.99147946895,1399.52515393198,0,1,654768.528338463,17742.1684400705,"9/28/2015"
170.718918702891,158288.370299429,1120.78645887254,1327.98275909678,0,2,612598.075889994,19012.4106975599,"9/29/2015"
156.591298144194,157153.863663226,1104.84779195348,1920.213461034,0,3,571706.13370848,18959.4257221222,"9/30/2015"
143.634450573148,143325.976683561,1057.8452196531,1290.13120310723,0,4,591677.598431712,16468.9603345207,"10/1/2015"
109.077902952791,164948.649185914,917.40876768399,1119.49046302233,0,5,500668.696847588,12607.350536539,"10/2/2015"
90.8498438479379,174607.647714004,1125.42895665062,1093.78405181486,0,6,503572.711716278,12738.4850376752,"10/3/2015"
205.602682417771,451470.661054697,1553.65886122012,1408.05421653693,0,0,749774.746304586,17388.9043994989,"10/4/2015"
197.870543214423,317787.517935993,1358.1807054495,1357.14484513125,0,1,733611.911372409,19725.8522092598,"10/5/2015"
209.056303244084,254932.507144767,1414.40152341675,1311.00461980153,0,2,729591.96381017,19983.3976573084,"10/6/2015"
152.820400339225,269296.591158736,1226.06050414341,1589.3319496338,0,3,629026.277179834,18434.962524636,"10/7/2015"
154.527605053224,186997.032492293,1257.25857500013,1027.50656674756,0,4,552018.894627257,17402.9353823346,"10/8/2015"
137.151539937127,155855.221939392,875.078749503661,1143.52706074715,0,5,413056.077924801,14195.9409226663,"10/9/2015"
103.046176366042,135712.52512085,897.669397173077,2034.02935798788,0,6,374249.711813708,12007.5319587395,"10/10/2015"
199.591190395178,334118.841679077,1066.32939716324,2161.59079890135,0,0,577047.211110528,18477.8397076124,"10/11/2015"
215.744918413274,306300.396242893,1070.8881892751,1271.94704092056,0,1,588363.732281561,17319.8693544152,"10/12/2015"
193.824805227807,234507.550386484,1002.68238864876,1220.27550963801,0,2,543443.845109363,18031.3811423443,"10/13/2015"
238.866683977749,285723.052455439,1043.77254204408,1187.6185433547,0,3,560623.503109787,21015.8607944883,"10/14/2015"
222.00467551956,186663.985471364,1231.53238055133,1169.45947698781,0,4,632068.403595845,22637.3258335652,"10/15/2015"
166.682903561881,185392.933815045,1142.72472581379,1062.39687396318,0,5,551979.476650856,20238.7425994559,"10/16/2015"
109.600831718836,237258.316788491,836.458791527292,914.125681725796,0,6,440729.561238627,14600.0489428407,"10/17/2015"
264.503586647473,435214.965922867,1280.6388202091,1210.22969275424,0,0,654301.796077425,21869.1774200547,"10/18/2015"
195.459768968634,372454.445777541,1437.14168471636,1106.08702119696,0,1,683727.358800851,23060.888839977,"10/19/2015"
172.476250426588,340468.403760951,1239.48679733672,1142.53295643115,0,2,647331.385896475,23180.0529993796,"10/20/2015"
178.656924084853,434889.135203479,1351.94104090482,918.755581168737,0,3,714551.335136096,22630.3639926297,"10/21/2015"
152.749274952756,238832.104862272,1187.28124807477,1044.58117492369,0,4,669041.964976998,22794.8453114026,"10/22/2015"
135.440186569653,248766.296904989,942.881677949335,873.220305520575,0,5,616462.356720966,16997.4951491361,"10/23/2015"
137.496001150832,236160.820224638,886.02773261012,858.934291670425,0,6,444789.877918014,13926.4603440702,"10/24/2015"
264.426645594463,448285.732379181,1638.42605705513,1339.7363399266,0,0,708299.726100627,22708.5664703656,"10/25/2015"
202.807679124293,419804.103910788,1742.56388333016,1117.83371241326,0,1,1092278.67372981,24555.5495997793,"10/26/2015"
195.190916551044,405388.279271397,1702.43150506159,1084.90772595839,0,2,854911.236676342,24891.7913500345,"10/27/2015"
217.164044888993,472831.541191522,1853.03139962316,1152.63343085125,0,3,1045525.18153242,25986.0291095972,"10/28/2015"
177.997658504848,455544.709885069,1591.17583352863,1100.55793956129,0,4,926266.527867497,24103.3177513003,"10/29/2015"
167.293914636597,502906.918694388,865.618002898293,1018.75817463691,0,5,564539.461749203,27846.0359650302,"10/30/2015"
133.314039891958,449066.517456522,320.005742271058,897.568869771902,0,6,229213.34700558,27642.4126717475,"10/31/2015"
220.267535909917,394316.867713591,1483.28411865653,1403.35763045314,0,0,657456.890204153,42573.6969291028,"11/1/2015"
242.764902385999,280271.575826434,1554.51693114489,1288.21217732783,0,1,752044.839570341,51501.1030731061,"11/2/2015"
224.473611247726,378546.880006996,1482.44058650138,1289.29323773598,0,2,783075.336856791,43971.4528675635,"11/3/2015"
231.767645782675,366860.784999275,1381.70342054171,1238.15290696351,0,3,668207.540772862,40924.7919386264,"11/4/2015"
172.670508396532,373905.233669257,1517.64540995434,1192.7933154732,0,4,633820.871643408,43743.1676331775,"11/5/2015"
137.260628526472,452849.252270767,1125.80703148688,1114.17091976171,0,5,565904.777228161,40107.4785478033,"11/6/2015"
170.730726563931,263666.579714033,1019.72524644211,1026.84533457758,0,6,466750.09840111,30859.5943636011,"11/7/2015"
216.780981071922,416534.138025239,1285.08421765082,1384.00516419662,0,0,643078.279338182,50857.0462028645,"11/8/2015"
208.677090715966,395301.660331875,1560.69489631848,1372.46258680907,0,1,684355.723828908,54916.9983253654,"11/9/2015"
188.466533000045,380640.199345126,1453.13711987757,1784.29141861079,0,2,601784.587415325,53863.6160887679,"11/10/2015"
188.31799186999,382874.948859449,1457.79730615718,1446.27707003192,0,3,620041.501705322,52088.6363645962,"11/11/2015"
164.835443216842,316188.635850121,1304.17022904977,1587.35233198693,0,4,537853.488123692,47456.4089899367,"11/12/2015"
138.156307480973,293679.241690535,1085.36141870543,1196.97483319107,0,5,463909.409014072,37546.3486273074,"11/13/2015"
222.055371341575,274428.37042769,900.291592826322,1341.89892851457,0,6,416550.478698243,38317.9518006155,"11/14/2015"
364.892453765729,421850.485357652,1387.05744544361,6784.14277132046,0,0,694868.024631098,63112.1756648815,"11/15/2015"
260.451449841773,536126.406478069,1497.74729046843,3273.25928014554,0,1,818511.176611517,58979.3718777956,"11/16/2015"
278.369793520449,447271.107039923,1142.17773328526,2155.04589710911,0,2,752023.266771029,63219.127106925,"11/17/2015"
245.378433209611,601735.087389827,1221.4264279838,1963.6750288066,0,3,818860.507711862,70139.4098760214,"11/18/2015"
215.464820803539,434146.075405929,761.642809265014,1801.80304232226,0,4,551300.254878227,78219.9516850883,"11/19/2015"
196.395373396226,488282.618147977,1108.9552738738,2997.7768052103,0,5,763626.410085851,67332.6727150936,"11/20/2015"
176.14154438749,437858.305038214,1104.87055687467,1580.4168520954,0,6,699823.547686282,51852.2409449375,"11/21/2015"
386.190462796902,709427.557739519,1564.0958317819,5132.15448388793,0,0,956516.253894611,80234.536961934,"11/22/2015"
244.203080560267,554550.651842703,1603.28488016767,2215.87911612675,0,1,931286.974543034,73026.6570663661,"11/23/2015"
269.6128896415,595050.766815155,1838.07605293067,6787.88347838493,0,2,889297.953926131,69067.1702681405,"11/24/2015"
224.994559956109,701344.967669842,1735.35283387089,4845.16795663387,0,3,924445.258750153,70007.0238052787,"11/25/2015"
195.801834467892,1104065.4515331,1654.29894184615,3556.56081989997,0,4,783767.427348771,68216.1557715587,"11/26/2015"
166.657287556678,1029323.67513378,1029.5968240065,1812.27426664527,0,5,693121.893814067,53932.4241557201,"11/27/2015"
148.976865873858,975413.104083498,1117.82801611242,1628.01655994961,0,6,620423.673084104,52159.5103424975,"11/28/2015"
328.701883437671,1092546.69117196,2508.1422573687,3022.10360710351,0,0,983616.003438303,79594.5721345831,"11/29/2015"
248.189758562157,973432.658770274,1570.14043985764,2738.29790158337,0,1,659318.196334511,70305.1962408177,"11/30/2015"
17.5822894245386,874868.553824944,188.102232467569,1617.26703161495,0,2,232836.100916612,56838.6011065293,"12/1/2015"
152.366248400649,886808.02391779,157.09956617821,1331.09618177656,0,3,173557.285640854,58366.3991883088,"12/2/2015"
147.888904481661,1109562.10658581,146.671396795195,1118.60947463661,0,4,177145.009435146,52850.139251991,"12/3/2015"
98.5665283841081,895185.170787446,104.659745011711,1400.61537001892,0,5,143069.679143486,42261.4687151853,"12/4/2015"
80.4724773386493,833242.949364688,86.6061976351775,1127.67226592051,0,6,120690.667361376,38737.5652266626,"12/5/2015"
161.995676863939,1133296.02559365,116.519472752418,1257.1579651027,0,0,156387.659225163,63306.0418145944,"12/6/2015"
147.894983568694,884877.709376523,100.782913003489,1185.45027756391,0,1,175538.854774613,63534.464371653,"12/7/2015"
124.155150841991,22549.1102380725,108.134370032675,1125.15034221851,0,2,166620.508123331,51109.6187832522,"12/8/2015"
109.623205557698,18667.364180808,88.404084396176,1243.66045075108,0,3,155961.855755664,24270.8608138905,"12/9/2015"
120.869944244716,21613.4327807184,59.0321409277152,1213.86983512668,0,4,141312.924470648,22249.5788538918,"12/10/2015"
91.263278240338,8060.47321995068,62.9951184543315,906.004840709269,0,5,128686.031284279,18762.5448171668,"12/11/2015"
56.4147821525112,6804.45892583611,52.8155259562191,705.343952232599,0,6,115357.543134136,14064.5135962769,"12/12/2015"
134.795584156876,8078.58790714191,74.796963103977,985.803989296942,0,0,154790.695297674,19747.9933256446,"12/13/2015"
113.489684943389,24318.3528860756,631.381510402565,976.716914928704,0,1,416025.32172767,22937.2190082462,"12/14/2015"
95.4489329012576,13953.1664847057,1087.81785780718,808.284981929697,0,2,629081.492540316,21354.5579291406,"12/15/2015"
112.060288001783,15974.663486633,1128.21966963541,873.028730647638,0,3,616643.899545148,20831.7856938001,"12/16/2015"
71.6581509658135,15962.9960680568,957.03527940237,849.589814439137,0,4,583130.833582979,18688.3086484256,"12/17/2015"
69.6198751054704,27407.7767233812,840.571998177096,714.442353991279,0,5,457528.347395819,16047.5741185273,"12/18/2015"
46.1957495596725,28808.4085467148,746.913466280652,622.639339610934,0,6,431175.309704635,12685.3968400182,"12/19/2015"
98.8346879812889,27821.3518454219,1013.55334607128,813.770685149683,0,0,627069.675720839,15895.2811369525,"12/20/2015"
114.688173725083,136143.195979672,1113.92956825085,863.266879043076,0,1,565933.516893118,18839.8752546259,"12/21/2015"
95.7498628727626,152920.932186344,1161.40012603481,753.068627281324,0,2,594240.828308293,15301.3577338623,"12/22/2015"
44.8384510620963,269628.742583821,869.13267660141,653.602514572861,0,3,486356.185323375,12619.9571635727,"12/23/2015"
16.2995862085372,222111.168231789,664.795151088736,708.723545792373,1,4,317319.130845551,7367.56423792012,"12/24/2015"
26.3192464655265,282098.949429779,733.337058476266,488.23713153461,1,5,439888.958346916,10143.5617443483,"12/25/2015"
27.1399958313443,412962.535397254,795.698632219434,545.636200547684,1,6,440082.155695597,12583.8339748129,"12/26/2015"
76.2707554342458,302272.217112347,1222.3930067128,760.725802803924,0,0,609444.704107877,17646.5945859691,"12/27/2015"
177.854684412153,199039.615229868,1880.95273640337,6499.30895863683,0,1,885127.794225954,41066.8493085777,"12/28/2015"
237.099721389823,154090.196657083,1835.16414014134,3244.19554313428,0,2,794242.754969504,38384.7295507237,"12/29/2015"
228.989522049576,147745.656263446,1628.68805187307,1649.27629988864,0,3,747679.666888607,27639.4956985893,"12/30/2015"
158.166141744144,166978.294245632,1289.74574175645,914.442356187664,0,4,527934.46839157,16845.0667858304,"12/31/2015"
